Client_ID,Client_Name,Client_Type,Client_Contact
C001,The Manor,Venue,bookings@manor.co.uk
C002,The Terrace,Venue,bookings@terrace.co.uk
C003,Megan Adams Events,Event Planner,megan.adams.events@hotmail.co.uk
C004,The Palladium,Venue,bookings@palladium.co.uk
C005,The Warehouse,Venue,bookings@warehouse.co.uk
C006,Jamie Clark Events,Event Planner,jamie.clark.events@gmail.co.uk
C007,The Lounge,Venue,bookings@lounge.co.uk
C008,Hannah Bell Events,Event Planner,hannah.bell.events@yahoo.com
C009,Davies Group,Corporate,events@daviesbrown.co.uk
C010,Noah Hall,Individual,noah.hall@musicnet.uk.co.uk
C011,Leah Wright Events,Event Planner,leah.wright.events@yahoo.co.uk
C012,Tom Scott,Individual,tom.scott@yahoo.com
C013,Emma Stewart Events,Event Planner,emma.stewart.events@hotmail.co.uk
C014,Finn Carter,Individual,finn.carter@yahoo.com
C015,The Forum,Venue,bookings@forum.co.uk
C016,Alex Rogers,Individual,alex.rogers@freemail.com.com
C017,Sofia Shaw Events,Event Planner,sofia.shaw.events@musicnet.uk.co.uk
C018,Jordan Howard Events,Event Planner,jordan.howard.events@gmail.com
C019,Ella Cox,Individual,ella.cox@musicnet.uk.co.uk
C020,The Grand Hall,Venue,bookings@grandhall.co.uk
C021,Lucas Baker Events,Event Planner,lucas.baker.events@hotmail.co.uk
C022,The Crown,Venue,bookings@crown.co.uk
C023,Thornton Group,Corporate,events@thorntonpreston.co.uk
C024,The Arches,Venue,bookings@arches.co.uk
C025,Poppy Stewart,Individual,poppy.stewart@outlook.co.uk
C026,Liam Carter Events,Event Planner,liam.carter.events@hotmail.co.uk
C027,The Castle,Venue,bookings@castle.co.uk
C028,Hartley Group,Corporate,events@hartleyfletcher.co.uk
C029,Aisha Scott,Individual,aisha.scott@hotmail.com
C030,Emily Robinson Events,Event Planner,emily.robinson.events@freemail.com.com
C031,Megan Clark Events,Event Planner,megan.clark.events@yahoo.com
C032,Ella Cook Events,Event Planner,ella.cook.events@musicnet.uk.co.uk
C033,Evans & Mitchell Ltd,Corporate,events@evansmitchell.co.uk
C034,The Empire,Venue,bookings@empire.co.uk
C035,Emily Smith Events,Event Planner,emily.smith.events@outlook.com
C036,Isabella Morris Events,Event Planner,isabella.morris.events@outlook.co.uk
C037,Davies Group,Corporate,events@daviesgraham.co.uk
C038,Noah Young Events,Event Planner,noah.young.events@musicnet.uk.com
C039,Sarah White Events,Event Planner,sarah.white.events@gmail.co.uk
C040,Burton & Mitchell Ltd,Corporate,events@burtonmitchell.co.uk
C041,Amelia Rogers Events,Event Planner,amelia.rogers.events@freemail.com.com
C042,Isabella Carter Events,Event Planner,isabella.carter.events@freemail.com.co.uk
C043,Amelia Shaw,Individual,amelia.shaw@hotmail.com
C044,Casey Cook,Individual,casey.cook@outlook.com
C045,The Rooftop,Venue,bookings@rooftop.co.uk
C046,Jamie Parker,Individual,jamie.parker@freemail.com.co.uk
C047,The Palladium,Venue,bookings@palladium.co.uk
C048,Grace Hall,Individual,grace.hall@outlook.co.uk
C049,The Palladium,Venue,bookings@palladium.co.uk
C050,Naomi Wright,Individual,naomi.wright@outlook.com
C051,Sofia Clark,Individual,sofia.clark@musicnet.uk.co.uk
C052,Davies & Williams Ltd,Corporate,events@davieswilliams.co.uk
C053,Stanley & Clarke Ltd,Corporate,events@stanleyclarke.co.uk
C054,The Loft,Venue,bookings@loft.co.uk
C055,The Academy,Venue,bookings@academy.co.uk
C056,The Forum,Venue,bookings@forum.co.uk
C057,Ella Collins,Individual,ella.collins@hotmail.com
C058,Hugo Allen Events,Event Planner,hugo.allen.events@yahoo.co.uk
C059,Brown Group,Corporate,events@brownpreston.co.uk
C060,Stanley & Preston Ltd,Corporate,events@stanleypreston.co.uk
C061,Rory Adams,Individual,rory.adams@gmail.co.uk
C062,Smith Group,Corporate,events@smithmaxwell.co.uk
C063,The Forum,Venue,bookings@forum.co.uk
C064,Jordan Lewis Events,Event Planner,jordan.lewis.events@freemail.com.com
C065,Amelia White,Individual,amelia.white@yahoo.co.uk
C066,Mitchell Group,Corporate,events@mitchellbrown.co.uk
C067,Sean Howard,Individual,sean.howard@gmail.co.uk
C068,Amy Shaw,Individual,amy.shaw@outlook.co.uk
C069,Williams & Taylor Ltd,Corporate,events@williamstaylor.co.uk
C070,Kate Wilson,Individual,kate.wilson@hotmail.co.uk
C071,Clara Richardson,Individual,clara.richardson@gmail.co.uk
C072,Mason Cook,Individual,mason.cook@yahoo.co.uk
C073,The Grand Hall,Venue,bookings@grandhall.co.uk
C074,Grace Campbell,Individual,grace.campbell@hotmail.com
C075,The Palladium,Venue,bookings@palladium.co.uk
C076,Preston Group,Corporate,events@prestonthornton.co.uk
C077,Aiden Ward,Individual,aiden.ward@yahoo.com
C078,Stanley & Smith Ltd,Corporate,events@stanleysmith.co.uk
C079,Aiden Parker,Individual,aiden.parker@freemail.com.com
C080,The Hub,Venue,bookings@hub.co.uk
C081,Lawson Group,Corporate,events@lawsonwilliams.co.uk
C082,The Castle,Venue,bookings@castle.co.uk
C083,Aiden Parker Events,Event Planner,aiden.parker.events@yahoo.com
C084,Tom Wilson,Individual,tom.wilson@outlook.co.uk
C085,Maxwell & Fletcher Ltd,Corporate,events@maxwellfletcher.co.uk
C086,Poppy Hall,Individual,poppy.hall@outlook.co.uk
C087,Aisha Adams Events,Event Planner,aisha.adams.events@musicnet.uk.com
C088,Lucas Morris Events,Event Planner,lucas.morris.events@outlook.com
C089,Liam Taylor Events,Event Planner,liam.taylor.events@outlook.com
C090,Smith & Maxwell Ltd,Corporate,events@smithmaxwell.co.uk
C091,Megan Collins Events,Event Planner,megan.collins.events@freemail.com.co.uk
C092,Grace Turner,Individual,grace.turner@outlook.co.uk
C093,Johnson & Fletcher Ltd,Corporate,events@johnsonfletcher.co.uk
C094,The Arches,Venue,bookings@arches.co.uk
C095,Amelia White Events,Event Planner,amelia.white.events@outlook.com
C096,The Hub,Venue,bookings@hub.co.uk
C097,The Castle,Venue,bookings@castle.co.uk
C098,The Rooftop,Venue,bookings@rooftop.co.uk
C099,Anna Parker Events,Event Planner,anna.parker.events@hotmail.co.uk
C100,Sophie Wilson Events,Event Planner,sophie.wilson.events@hotmail.com
C101,Dylan Cooper Events,Event Planner,dylan.cooper.events@yahoo.co.uk
C102,Charlie Taylor,Individual,charlie.taylor@outlook.co.uk
C103,Graham Group,Corporate,events@grahamclarke.co.uk
C104,Freddie Richardson,Individual,freddie.richardson@musicnet.uk.com
C105,Ethan Clark Events,Event Planner,ethan.clark.events@freemail.com.com
C106,Leah Stewart Events,Event Planner,leah.stewart.events@hotmail.co.uk
C107,Callum Wilson,Individual,callum.wilson@outlook.com
C108,The Castle,Venue,bookings@castle.co.uk
C109,Laura Williams Events,Event Planner,laura.williams.events@gmail.co.uk
C110,The Palladium,Venue,bookings@palladium.co.uk
C111,Callum Thomas Events,Event Planner,callum.thomas.events@hotmail.com
C112,Lily Reed Events,Event Planner,lily.reed.events@freemail.com.com
C113,Kate Morris Events,Event Planner,kate.morris.events@yahoo.co.uk
C114,Leah Carter Events,Event Planner,leah.carter.events@musicnet.uk.com
C115,The Lounge,Venue,bookings@lounge.co.uk
C116,The Crown,Venue,bookings@crown.co.uk
C117,Noah Thomas,Individual,noah.thomas@hotmail.com
C118,Jordan Mitchell,Individual,jordan.mitchell@gmail.com
C119,The Pavilion,Venue,bookings@pavilion.co.uk
C120,Morgan Brown Events,Event Planner,morgan.brown.events@freemail.com.co.uk
C121,Harrison & Mitchell Ltd,Corporate,events@harrisonmitchell.co.uk
C122,Diana Wilson,Individual,diana.wilson@hotmail.co.uk
C123,Sam Williams,Individual,sam.williams@outlook.com
C124,Naomi Jones Events,Event Planner,naomi.jones.events@freemail.com.com
C125,Tom Mitchell,Individual,tom.mitchell@musicnet.uk.com
C126,The Hub,Venue,bookings@hub.co.uk
C127,Anna Evans,Individual,anna.evans@freemail.com.co.uk
C128,The Rooftop,Venue,bookings@rooftop.co.uk
C129,The Palladium,Venue,bookings@palladium.co.uk
C130,The Pavilion,Venue,bookings@pavilion.co.uk
C131,Ethan Carter Events,Event Planner,ethan.carter.events@freemail.com.co.uk
C132,Mitchell Group,Corporate,events@mitchellburton.co.uk
C133,Lucas Bell Events,Event Planner,lucas.bell.events@freemail.com.co.uk
C134,Jordan Harris,Individual,jordan.harris@gmail.com
C135,Mason Scott Events,Event Planner,mason.scott.events@gmail.com
C136,The Manor,Venue,bookings@manor.co.uk
C137,The Arches,Venue,bookings@arches.co.uk
C138,Finn Martin Events,Event Planner,finn.martin.events@musicnet.uk.com
C139,Smith & Preston Ltd,Corporate,events@smithpreston.co.uk
C140,Aiden Richardson Events,Event Planner,aiden.richardson.events@freemail.com.com
C141,The Junction,Venue,bookings@junction.co.uk
C142,Jacob Collins Events,Event Planner,jacob.collins.events@yahoo.com
C143,Grace Thompson Events,Event Planner,grace.thompson.events@yahoo.com
C144,Hugo Hall Events,Event Planner,hugo.hall.events@gmail.co.uk
C145,Naomi Clark Events,Event Planner,naomi.clark.events@freemail.com.co.uk
C146,The Atrium,Venue,bookings@atrium.co.uk
C147,Graham Group,Corporate,events@grahamharrison.co.uk
C148,Smith & Harrison Ltd,Corporate,events@smithharrison.co.uk
C149,The Barn,Venue,bookings@barn.co.uk
C150,Callum Green Events,Event Planner,callum.green.events@freemail.com.co.uk
C151,Davies Group,Corporate,events@daviesburton.co.uk
C152,The Loft,Venue,bookings@loft.co.uk
C153,Taylor & Maxwell Ltd,Corporate,events@taylormaxwell.co.uk
C154,Poppy Hall,Individual,poppy.hall@musicnet.uk.com
C155,Hugo Wright,Individual,hugo.wright@freemail.com.co.uk
C156,Ella Thompson Events,Event Planner,ella.thompson.events@gmail.co.uk
C157,The Rooftop,Venue,bookings@rooftop.co.uk
C158,Ryan Bailey,Individual,ryan.bailey@gmail.com
C159,The Hub,Venue,bookings@hub.co.uk
C160,Ryan Green Events,Event Planner,ryan.green.events@yahoo.co.uk
C161,Isabella Robinson,Individual,isabella.robinson@hotmail.com
C162,Zara Cook Events,Event Planner,zara.cook.events@gmail.com
C163,The Academy,Venue,bookings@academy.co.uk
C164,The Junction,Venue,bookings@junction.co.uk
C165,Kate Cox Events,Event Planner,kate.cox.events@yahoo.com
C166,Fletcher & Maxwell Ltd,Corporate,events@fletchermaxwell.co.uk
C167,The Grand Hall,Venue,bookings@grandhall.co.uk
C168,Charlie Howard,Individual,charlie.howard@freemail.com.co.uk
C169,The Junction,Venue,bookings@junction.co.uk
C170,Diana Cooper Events,Event Planner,diana.cooper.events@freemail.com.com
C171,Ryan Baker,Individual,ryan.baker@outlook.co.uk
C172,Zara Young Events,Event Planner,zara.young.events@gmail.co.uk
C173,The Arches,Venue,bookings@arches.co.uk
C174,Lawson & Clarke Ltd,Corporate,events@lawsonclarke.co.uk
C175,George Harris Events,Event Planner,george.harris.events@gmail.com
C176,Hugo Allen Events,Event Planner,hugo.allen.events@freemail.com.com
C177,Emma Howard,Individual,emma.howard@hotmail.co.uk
C178,The Manor,Venue,bookings@manor.co.uk
C179,The Barn,Venue,bookings@barn.co.uk
C180,Charlie Rogers,Individual,charlie.rogers@freemail.com.co.uk
C181,Ella Smith Events,Event Planner,ella.smith.events@outlook.co.uk
C182,The Terrace,Venue,bookings@terrace.co.uk
C183,Lily Johnson,Individual,lily.johnson@yahoo.co.uk
C184,Tom Baker Events,Event Planner,tom.baker.events@outlook.co.uk
C185,The Palladium,Venue,bookings@palladium.co.uk
C186,The Lounge,Venue,bookings@lounge.co.uk
C187,Johnson Group,Corporate,events@johnsonhartley.co.uk
C188,Leon Reed Events,Event Planner,leon.reed.events@yahoo.co.uk
C189,Dylan Davies,Individual,dylan.davies@outlook.co.uk
C190,The Palladium,Venue,bookings@palladium.co.uk
C191,Finn Bell,Individual,finn.bell@outlook.com
C192,Johnson Group,Corporate,events@johnsonfletcher.co.uk
C193,Oliver Ward,Individual,oliver.ward@musicnet.uk.com
C194,Beth Wilson Events,Event Planner,beth.wilson.events@yahoo.co.uk
C195,Burton & Mitchell Ltd,Corporate,events@burtonmitchell.co.uk
C196,Jessica Green Events,Event Planner,jessica.green.events@yahoo.co.uk
C197,The Arches,Venue,bookings@arches.co.uk
C198,Chloe Hill Events,Event Planner,chloe.hill.events@yahoo.co.uk
C199,The Loft,Venue,bookings@loft.co.uk
C200,Lawson Group,Corporate,events@lawsonharrison.co.uk
C201,Poppy Smith Events,Event Planner,poppy.smith.events@outlook.co.uk
C202,The Castle,Venue,bookings@castle.co.uk
C203,Graham & Hartley Ltd,Corporate,events@grahamhartley.co.uk
C204,The Empire,Venue,bookings@empire.co.uk
C205,Jacob Brown,Individual,jacob.brown@hotmail.co.uk
C206,Taylor Bailey Events,Event Planner,taylor.bailey.events@freemail.com.co.uk
C207,Zara Parker,Individual,zara.parker@musicnet.uk.com
C208,The Castle,Venue,bookings@castle.co.uk
C209,The Forum,Venue,bookings@forum.co.uk
C210,Isabella Martin,Individual,isabella.martin@yahoo.com
C211,The Barn,Venue,bookings@barn.co.uk
C212,Johnson & Clarke Ltd,Corporate,events@johnsonclarke.co.uk
C213,Grace Martin Events,Event Planner,grace.martin.events@gmail.com
C214,Jessica Carter,Individual,jessica.carter@hotmail.com
C215,Aisha Martin Events,Event Planner,aisha.martin.events@musicnet.uk.com
C216,The Manor,Venue,bookings@manor.co.uk
C217,Clarke & Maxwell Ltd,Corporate,events@clarkemaxwell.co.uk
C218,Stanley Group,Corporate,events@stanleylawson.co.uk
C219,Taylor Group,Corporate,events@taylorharrison.co.uk
C220,Leah Johnson Events,Event Planner,leah.johnson.events@freemail.com.com
C221,Lily Carter Events,Event Planner,lily.carter.events@gmail.com
C222,The Junction,Venue,bookings@junction.co.uk
C223,Laura Carter Events,Event Planner,laura.carter.events@gmail.co.uk
C224,Morgan Davies,Individual,morgan.davies@yahoo.com
C225,Davies & Preston Ltd,Corporate,events@daviespreston.co.uk
C226,Thornton & Smith Ltd,Corporate,events@thorntonsmith.co.uk
C227,Hartley Group,Corporate,events@hartleyjohnson.co.uk
C228,Olivia Allen Events,Event Planner,olivia.allen.events@gmail.com
C229,Oscar Wright,Individual,oscar.wright@musicnet.uk.co.uk
C230,The Forum,Venue,bookings@forum.co.uk
C231,Poppy Adams,Individual,poppy.adams@freemail.com.com
C232,Naomi Bailey Events,Event Planner,naomi.bailey.events@freemail.com.co.uk
C233,The Crown,Venue,bookings@crown.co.uk
C234,Sam Phillips Events,Event Planner,sam.phillips.events@freemail.com.co.uk
C235,Taylor Group,Corporate,events@taylormitchell.co.uk
C236,Freddie Morris,Individual,freddie.morris@musicnet.uk.com
C237,Finn Martin,Individual,finn.martin@yahoo.co.uk
C238,Emily Jones Events,Event Planner,emily.jones.events@yahoo.co.uk
C239,Finn Clark Events,Event Planner,finn.clark.events@freemail.com.co.uk
C240,Clara Carter,Individual,clara.carter@outlook.com
C241,Fletcher & Williams Ltd,Corporate,events@fletcherwilliams.co.uk
C242,Maxwell & Lawson Ltd,Corporate,events@maxwelllawson.co.uk
C243,Naomi Reed Events,Event Planner,naomi.reed.events@musicnet.uk.com
C244,Sean Wright,Individual,sean.wright@musicnet.uk.co.uk
C245,Sean Davies Events,Event Planner,sean.davies.events@gmail.com
C246,Lucas Rogers Events,Event Planner,lucas.rogers.events@freemail.com.co.uk
C247,Poppy Clark Events,Event Planner,poppy.clark.events@outlook.com
C248,Amy Young,Individual,amy.young@yahoo.co.uk
C249,The Warehouse,Venue,bookings@warehouse.co.uk
C250,Sofia Reed Events,Event Planner,sofia.reed.events@gmail.co.uk
C251,Sophie Parker,Individual,sophie.parker@outlook.com
C252,Sarah Richardson,Individual,sarah.richardson@freemail.com.com
C253,The Loft,Venue,bookings@loft.co.uk
C254,Harry Wilson,Individual,harry.wilson@freemail.com.com
C255,Davies Group,Corporate,events@daviesgraham.co.uk
C256,Clara Hall Events,Event Planner,clara.hall.events@musicnet.uk.com
C257,Leah Allen Events,Event Planner,leah.allen.events@yahoo.co.uk
C258,Johnson & Burton Ltd,Corporate,events@johnsonburton.co.uk
C259,Callum Stewart,Individual,callum.stewart@gmail.co.uk
C260,Lily Smith Events,Event Planner,lily.smith.events@yahoo.com
C261,Finn Richardson Events,Event Planner,finn.richardson.events@freemail.com.com
C262,The Atrium,Venue,bookings@atrium.co.uk
C263,The Castle,Venue,bookings@castle.co.uk
C264,The Empire,Venue,bookings@empire.co.uk
C265,Brown Group,Corporate,events@brownsmith.co.uk
C266,Liam Jones,Individual,liam.jones@yahoo.com
C267,Harrison & Hartley Ltd,Corporate,events@harrisonhartley.co.uk
C268,Johnson & Mitchell Ltd,Corporate,events@johnsonmitchell.co.uk
C269,Maxwell Group,Corporate,events@maxwellhartley.co.uk
C270,Brown & Lawson Ltd,Corporate,events@brownlawson.co.uk
C271,Harry Baker Events,Event Planner,harry.baker.events@musicnet.uk.co.uk
C272,Mitchell & Thornton Ltd,Corporate,events@mitchellthornton.co.uk
C273,Charlie Allen Events,Event Planner,charlie.allen.events@gmail.co.uk
C274,Rory Carter Events,Event Planner,rory.carter.events@freemail.com.com
C275,Anna Turner,Individual,anna.turner@outlook.com
C276,Taylor Group,Corporate,events@taylorpreston.co.uk
C277,The Junction,Venue,bookings@junction.co.uk
C278,Naomi Rogers,Individual,naomi.rogers@outlook.com
C279,Beth Bell,Individual,beth.bell@freemail.com.com
C280,Callum Jones Events,Event Planner,callum.jones.events@yahoo.com
C281,Maxwell & Fletcher Ltd,Corporate,events@maxwellfletcher.co.uk
C282,Thornton & Clarke Ltd,Corporate,events@thorntonclarke.co.uk
C283,Jessica Clark Events,Event Planner,jessica.clark.events@freemail.com.com
C284,Casey Nelson Events,Event Planner,casey.nelson.events@yahoo.co.uk
C285,The Empire,Venue,bookings@empire.co.uk
C286,Jessica Lewis Events,Event Planner,jessica.lewis.events@yahoo.co.uk
C287,Olivia Hill Events,Event Planner,olivia.hill.events@outlook.com
C288,Evans Group,Corporate,events@evansstanley.co.uk
C289,Taylor Martin,Individual,taylor.martin@hotmail.co.uk
C290,Preston & Taylor Ltd,Corporate,events@prestontaylor.co.uk
C291,The Manor,Venue,bookings@manor.co.uk
C292,Dylan Wilson,Individual,dylan.wilson@musicnet.uk.co.uk
C293,Leah Allen Events,Event Planner,leah.allen.events@hotmail.co.uk
C294,The Forum,Venue,bookings@forum.co.uk
C295,Charlie Baker,Individual,charlie.baker@outlook.co.uk
C296,Sophie Morris,Individual,sophie.morris@gmail.co.uk
C297,Williams & Evans Ltd,Corporate,events@williamsevans.co.uk
C298,Mitchell & Lawson Ltd,Corporate,events@mitchelllawson.co.uk
C299,Olivia Roberts Events,Event Planner,olivia.roberts.events@freemail.com.com
C300,The Forum,Venue,bookings@forum.co.uk
